Date,SP500_Index,SP500_Daily_Pct,SP500_30D_Return_Pct,SP500_30D_Ann_Vol_Pct,SP500_Drawdown_Pct,NASDAQ_Index,NASDAQ_Daily_Pct,NASDAQ_30D_Return_Pct,NASDAQ_30D_Ann_Vol_Pct,NASDAQ_Drawdown_Pct,MSCI_World_Index,MSCI_World_Daily_Pct,MSCI_World_30D_Return_Pct,MSCI_World_30D_Ann_Vol_Pct,MSCI_World_Drawdown_Pct
2025-02-18,4800.0,0.0,0.0,,0.0,15000.0,0.0,0.0,,0.0,3000.0,0.0,0.0,,0.0
2025-02-19,4834.34,0.7154,0.0,8.0305,0.0,15346.83,2.3122,0.0,25.9544,0.0,3016.9,0.5633,0.0,6.3234,0.0
2025-02-20,4770.25,-1.3257,0.0,16.4407,-1.3257,15222.6,-0.8095,0.0,25.7167,-0.8095,3060.98,1.4611,0.0,11.698,0.0
2025-02-21,4741.53,-0.6021,0.0,13.7916,-1.9198,15393.69,1.1239,0.0,21.5721,0.0,3058.67,-0.0755,0.0,11.2558,-0.0755
2025-02-22,4738.03,-0.0738,0.0,12.0543,-1.9922,15510.12,0.7563,0.0,18.6953,0.0,3032.82,-0.8451,0.0,13.5828,-0.92
2025-02-23,4835.87,2.065,0.0,18.5132,0.0,15427.56,-0.5323,0.0,18.466,-0.5323,3064.62,1.0485,0.0,13.2805,0.0
2025-02-24,4900.82,1.3431,0.0,18.4014,0.0,15390.06,-0.2431,0.0,17.3991,-0.7741,3056.94,-0.2506,0.0,12.6626,-0.2506
2025-02-25,4892.28,-0.1743,0.0,17.2458,-0.1743,15610.96,1.4353,0.0,17.1774,0.0,3047.12,-0.3212,0.0,12.1865,-0.571
2025-02-26,4928.65,0.7434,0.0,16.3474,0.0,15289.7,-2.0579,0.0,21.0274,-2.0579,2987.52,-1.9559,0.0,16.1183,-2.5158
2025-02-27,4939.22,0.2145,0.0,15.4184,0.0,15457.88,1.1,0.0,20.3104,-0.9806,2984.66,-0.0957,0.0,15.1989,-2.6091
2025-02-28,4892.02,-0.9556,0.0,15.7965,-0.9556,15716.26,1.6715,0.0,20.3426,0.0,3000.15,0.519,0.0,14.6713,-2.1037
2025-03-01,4855.03,-0.7561,0.0,15.657,-1.7045,15589.24,-0.8082,0.0,20.212,-0.8082,2975.36,-0.8263,0.0,14.4972,-2.9126
2025-03-02,4808.07,-0.9672,0.0,15.7089,-2.6553,15896.51,1.971,0.0,20.6578,0.0,2997.92,0.7582,0.0,14.3453,-2.1765
2025-03-03,4805.07,-0.0624,0.0,15.0964,-2.716,16066.59,1.0699,0.0,20.0179,0.0,2972.2,-0.8579,0.0,14.2534,-3.0157
2025-03-04,4813.25,0.1702,0.0,14.5618,-2.5504,16302.91,1.4709,0.0,19.6966,0.0,2956.84,-0.5168,0.0,13.8604,-3.5169
2025-03-05,4733.79,-1.6509,0.0,15.5564,-4.1592,16287.05,-0.0973,0.0,19.2088,-0.0973,2932.88,-0.8103,0.0,13.6897,-4.2987
2025-03-06,4782.46,1.0281,0.0,15.6574,-3.1738,16072.09,-1.3198,0.0,19.9058,-1.4158,2910.48,-0.7638,0.0,13.4723,-5.0297
2025-03-07,4785.15,0.0562,0.0,15.1924,-3.1193,15997.29,-0.4654,0.0,19.59,-1.8746,2873.87,-1.2579,0.0,13.684,-6.2243
2025-03-08,4778.78,-0.1331,0.0,14.7708,-3.2483,15535.11,-2.8891,0.0,22.4261,-4.7096,2864.94,-0.3107,0.0,13.3014,-6.5157
2025-03-09,4765.03,-0.2877,0.0,14.4084,-3.5267,15371.22,-1.055,0.0,22.2737,-5.7149,2854.35,-0.3696,0.0,12.9549,-6.8612
2025-03-10,4837.92,1.5297,0.0,15.0503,-2.0509,15509.36,0.8987,0.0,21.8717,-4.8675,2846.29,-0.2824,0.0,12.6275,-7.1242
2025-03-11,4830.34,-0.1567,0.0,14.703,-2.2044,15341.23,-1.0841,0.0,21.7613,-5.8988,2850.04,0.1318,0.0,12.3898,-7.0018
2025-03-12,4823.09,-0.1501,0.0,14.3777,-2.3512,15421.61,0.5239,0.0,21.3048,-5.4058,2809.39,-1.4263,0.0,12.7362,-8.3283
2025-03-13,4856.85,0.7,0.0,14.2308,-1.6677,15839.92,2.7125,0.0,22.4551,-2.8399,2819.83,0.3716,0.0,12.635,-7.9876
2025-03-14,4857.84,0.0204,0.0,13.9316,-1.6476,15732.82,-0.6761,0.0,22.1726,-3.4969,2832.6,0.4529,0.0,12.5713,-7.5709
2025-03-15,4894.81,0.761,0.0,13.8276,-0.8991,15805.27,0.4605,0.0,21.7397,-3.0525,2827.81,-0.1691,0.0,12.3186,-7.7272
2025-03-16,4899.85,0.103,0.0,13.5593,-0.7971,15493.22,-1.9743,0.0,22.338,-4.9665,2840.49,0.4484,0.0,12.2529,-7.3135
2025-03-17,4903.95,0.0837,0.0,13.3058,-0.7141,15688.77,1.2622,0.0,22.1822,-3.7671,2837.77,-0.0958,0.0,12.0279,-7.4022
2025-03-18,4960.78,1.1589,0.0,13.4476,0.0,15885.86,1.2562,0.0,22.0167,-2.5581,2880.21,1.4955,0.0,12.8201,-6.0174
2025-03-19,4958.94,-0.0371,0.0,13.2213,-0.0371,15754.3,-0.8282,0.0,21.8409,-3.3651,2905.36,0.8732,0.0,12.933,-5.1967
2025-03-20,4918.06,-0.8244,2.4596,13.495,-0.8612,15560.73,-1.2287,3.7382,22.2125,-4.5524,2924.44,0.6567,-2.5187,13.1175,-4.5741
2025-03-21,4861.08,-1.1586,0.5531,13.8227,-2.0098,15475.39,-0.5484,0.8377,21.3012,-5.0759,2890.53,-1.1595,-4.1887,13.33,-5.6806
2025-03-22,4864.7,0.0745,1.98,13.2189,-1.9368,15228.11,-1.5979,0.0362,21.6922,-6.5927,2890.08,-0.0156,-5.5832,12.4474,-5.6953
2025-03-23,4821.64,-0.8852,1.6895,13.3683,-2.8048,15340.86,0.7404,-0.3432,21.5491,-5.9011,2906.49,0.5678,-4.9754,12.6363,-5.1599
2025-03-24,4856.79,0.729,2.5065,13.5007,-2.0962,15557.36,1.4113,0.3046,21.8313,-4.5731,2929.22,0.782,-3.416,12.7568,-4.4182
2025-03-25,4870.56,0.2835,0.7173,12.1514,-1.8187,15585.46,0.1806,1.0235,21.7725,-4.4007,2927.46,-0.0601,-4.4756,12.2755,-4.4756
2025-03-26,4857.34,-0.2714,-0.8872,11.5159,-2.0852,15224.86,-2.3137,-1.0734,22.8112,-6.6126,2976.72,1.6827,-2.6242,13.3675,-2.8682
2025-03-27,4828.53,-0.5931,-1.3031,11.6258,-2.6659,15549.83,2.1345,-0.3916,23.2855,-4.6193,2988.11,0.3826,-1.9366,13.4151,-2.4966
2025-03-28,4826.23,-0.0476,-2.0781,11.3856,-2.7123,15651.75,0.6554,2.3679,22.5197,-3.9941,2972.78,-0.513,-0.4934,12.2455,-2.9968
2025-03-29,4854.24,0.5804,-1.7205,11.513,-2.1476,15703.32,0.3295,1.5878,22.3287,-3.6778,2956.65,-0.5426,-0.9385,12.3396,-3.5231
2025-03-30,4894.66,0.8327,0.054,11.4643,-1.3329,15379.63,-2.0613,-2.1419,22.6099,-5.6633,2970.11,0.4552,-1.0013,12.3164,-3.0839
2025-03-31,4840.92,-1.0979,-0.2906,11.7017,-2.4162,15360.87,-0.122,-1.4649,22.5004,-5.7784,2990.77,0.6956,0.5179,12.2517,-2.4098
2025-04-01,4929.46,1.829,2.5247,12.4879,-0.6314,15373.61,0.0829,-3.2894,21.685,-5.7002,3005.49,0.4922,0.2525,12.1362,-1.9294
2025-04-02,4900.62,-0.5851,1.9885,12.6329,-1.2127,15398.69,0.1631,-4.1571,21.4167,-5.5464,3001.69,-0.1264,0.9922,11.8631,-2.0534
2025-04-03,4847.36,-1.0868,0.7087,13.0631,-2.2863,15519.56,0.7849,-4.805,21.0597,-4.805,3029.97,0.9421,2.4732,12.0252,-1.1306
2025-04-04,4919.81,1.4946,3.9296,12.7296,-0.8259,15353.19,-1.072,-5.7338,21.2251,-5.8255,2993.61,-1.2,2.0707,12.3264,-2.3171
2025-04-05,4977.56,1.1738,4.0795,12.8254,0.0,15259.97,-0.6072,-5.053,20.9941,-6.3973,2979.39,-0.475,2.3677,12.184,-2.7811
2025-04-06,5022.73,0.9075,4.9649,13.015,0.0,15112.92,-0.9636,-5.5282,21.1056,-7.2992,2984.01,0.1551,3.8325,11.5041,-2.6303
2025-04-07,4991.91,-0.6136,4.4599,13.184,-0.6136,15071.45,-0.2744,-2.9846,19.4886,-7.5536,3006.0,0.7369,4.9237,11.5575,-1.9128
2025-04-08,5043.52,1.0339,5.8445,13.359,0.0,14719.59,-2.3346,-4.2393,20.37,-9.7119,3018.36,0.4112,5.746,11.4661,-1.5095
2025-04-09,5039.37,-0.0823,4.164,12.7609,-0.0823,14908.87,1.2859,-3.8718,20.5709,-8.5509,2992.51,-0.8564,5.1372,11.7873,-2.353
2025-04-10,4974.71,-1.2831,2.9888,13.3899,-1.3643,15004.85,0.6438,-2.1927,20.4791,-7.9621,3021.04,0.9534,5.9999,12.0029,-1.422
2025-04-11,4944.37,-0.6099,2.5146,13.5306,-1.9659,15157.86,1.0197,-1.7103,20.6528,-7.0236,3060.5,1.3062,8.9382,11.3882,-0.1344
2025-04-12,4886.96,-1.1611,0.6199,13.8681,-3.1042,15129.64,-0.1862,-4.4841,18.9206,-7.1967,3107.19,1.5256,10.1907,11.9393,0.0
2025-04-13,4929.71,0.8748,1.4795,14.0854,-2.2566,15189.82,0.3978,-3.4514,18.9151,-6.8276,3116.84,0.3106,10.0346,11.9334,0.0
2025-04-14,4985.58,1.1333,1.8544,14.2879,-1.1488,15094.75,-0.6259,-4.4955,18.8923,-7.4107,3174.23,1.8413,12.2505,12.6173,0.0
2025-04-15,4938.04,-0.9536,0.7794,14.5886,-2.0914,15412.27,2.1035,-0.5225,19.1586,-5.4631,3192.22,0.5668,12.3827,12.6269,0.0
2025-04-16,4931.81,-0.1262,0.5681,14.5946,-2.2149,15165.38,-1.6019,-3.3361,19.3032,-6.9775,3202.84,0.3327,12.8647,12.5435,0.0
2025-04-17,4951.22,0.3936,-0.1927,14.2413,-1.8301,14899.95,-1.7502,-6.2062,19.426,-8.6056,3205.46,0.0818,11.2926,12.1404,0.0
2025-04-18,4898.15,-1.0719,-1.2259,14.5749,-2.8823,14877.51,-0.1506,-5.5654,19.3365,-8.7432,3187.24,-0.5684,9.7021,12.3285,-0.5684
2025-04-19,4942.62,0.9079,0.4994,14.6264,-2.0006,14913.45,0.2416,-4.1597,19.1142,-8.5228,3180.35,-0.2162,8.7507,12.3759,-0.7834
2025-04-20,4897.09,-0.9212,0.7408,14.4755,-2.9033,15382.45,3.1448,-0.6006,21.2922,-5.646,3183.07,0.0855,10.1206,11.6177,-0.6985
2025-04-21,4834.36,-1.281,-0.6237,14.963,-4.1471,15598.68,1.4057,2.4335,21.1264,-4.3197,3173.82,-0.2906,9.8177,11.7146,-0.9871
2025-04-22,4796.98,-0.7732,-0.5114,14.91,-4.8883,15713.09,0.7335,2.4264,21.1245,-3.6179,3174.95,0.0356,9.2366,11.7165,-0.9518
2025-04-23,4781.2,-0.329,-1.5564,14.7672,-5.2011,15536.86,-1.1215,-0.1318,21.0216,-4.6989,3117.86,-1.7981,6.4399,13.0947,-2.7328
2025-04-24,4743.64,-0.7856,-2.6059,14.8832,-5.9458,15342.95,-1.2481,-1.556,21.323,-5.8883,3144.89,0.8669,7.4273,13.2028,-1.8896
2025-04-25,4798.86,1.1641,-1.204,15.3015,-4.851,15149.53,-1.2606,-0.4948,20.5533,-7.0747,3100.58,-1.409,4.161,13.3123,-3.2719
2025-04-26,4799.96,0.0229,-0.5917,15.2105,-4.8292,15307.82,1.0449,-1.5564,19.7947,-6.1038,3106.23,0.1822,3.953,13.2931,-3.0957
2025-04-27,4736.82,-1.3154,-1.8526,15.6707,-6.0811,15499.36,1.2513,-0.9736,20.0515,-4.9289,3109.96,0.1201,4.6145,13.1518,-2.9793
2025-04-28,4753.17,0.3452,-2.0821,15.6022,-5.7569,15682.28,1.1802,-0.134,20.3318,-3.8069,3107.72,-0.072,5.1095,13.0052,-3.0492
2025-04-29,4690.36,-1.3214,-4.1739,15.7728,-7.0023,15492.55,-1.2098,0.7342,19.721,-4.9706,3092.34,-0.4949,4.1153,13.1148,-3.529
2025-04-30,4759.5,1.4741,-1.6819,16.1681,-5.6314,15207.89,-1.8374,-0.9959,20.4505,-6.7167,3115.34,0.7438,4.1651,13.1334,-2.8115
2025-05-01,4706.89,-1.1054,-4.5151,15.4219,-6.6745,15227.32,0.1278,-0.9516,20.4529,-6.5975,3130.57,0.4889,4.1617,13.1326,-2.3363
2025-05-02,4688.17,-0.3977,-4.3352,15.3854,-7.0457,15324.18,0.6361,-0.4839,20.5363,-6.0034,3151.98,0.6839,5.0068,13.1999,-1.6684
2025-05-03,4697.62,0.2016,-3.0891,15.1501,-6.8583,15368.95,0.2922,-0.9705,20.4203,-5.7288,3135.09,-0.5359,3.4693,13.14,-2.1953
2025-05-04,4664.28,-0.7097,-5.1939,14.4653,-7.5194,15528.59,1.0387,1.1424,20.3957,-4.7496,3164.09,0.925,5.6948,12.726,-1.2906
2025-05-05,4622.16,-0.903,-7.14,14.0301,-8.3545,15700.12,1.1046,2.8843,20.5225,-3.6974,3136.97,-0.8571,5.289,12.9453,-2.1367
2025-05-06,4634.15,0.2594,-7.7364,13.6899,-8.1168,15963.38,1.6768,5.6274,20.7556,-2.0826,3144.63,0.2442,5.3827,12.9466,-1.8977
2025-05-07,4567.46,-1.4391,-8.5028,14.0765,-9.439,16131.69,1.0544,7.0348,20.8538,-1.0502,3115.12,-0.9384,3.6301,13.2258,-2.8183
2025-05-08,4613.41,1.006,-8.528,14.0539,-8.528,15797.35,-2.0726,7.3219,20.5853,-3.101,3135.1,0.6414,3.8677,13.2862,-2.195
2025-05-09,4558.53,-1.1896,-9.5417,14.2744,-9.6161,15660.44,-0.8667,5.0411,20.5838,-3.9408,3110.95,-0.7703,3.9579,13.2329,-2.9484
2025-05-10,4505.88,-1.155,-9.4243,14.2047,-10.66,15617.82,-0.2722,4.0851,20.5727,-4.2023,3139.53,0.9187,3.9222,13.2146,-2.0568
2025-05-11,4500.69,-0.1152,-8.9734,14.191,-10.7629,16002.42,2.4626,5.5718,21.5114,-1.8432,3094.22,-1.4432,1.1018,13.4908,-3.4703
2025-05-12,4408.8,-2.0417,-9.7844,14.864,-12.5849,15860.67,-0.8858,4.8318,21.7123,-2.7126,3060.95,-1.0752,-1.4882,13.1024,-4.5082
2025-05-13,4408.99,0.0043,-10.5629,14.4551,-12.5811,15799.41,-0.3862,4.0131,21.7585,-3.0884,3055.32,-0.1839,-1.9738,13.0636,-4.6839
2025-05-14,4379.71,-0.6641,-12.1524,13.7553,-13.1616,15756.3,-0.2729,4.3826,21.6744,-3.3528,3058.5,0.1041,-3.6459,11.769,-4.5847
2025-05-15,4394.41,0.3356,-11.009,13.834,-12.8702,15905.89,0.9494,3.2028,21.0197,-2.4353,3094.01,1.161,-3.0765,12.1893,-3.4769
2025-05-16,4390.84,-0.0812,-10.969,13.8419,-12.941,15843.23,-0.3939,4.4697,20.4467,-2.8196,3098.01,0.1293,-3.273,12.1406,-3.3521
2025-05-17,4429.13,0.872,-10.5447,14.1413,-12.1818,15904.93,0.3894,6.7449,19.6398,-2.4412,3114.6,0.5355,-2.8345,12.2727,-2.8345
2025-05-18,4392.66,-0.8234,-10.32,14.0517,-12.9049,15622.23,-1.7774,5.0057,20.4591,-4.1752,3087.95,-0.8556,-3.1152,12.397,-3.6659
2025-05-19,4426.66,0.774,-10.439,13.9519,-12.2307,15644.89,0.145,4.9046,20.4582,-4.0362,3079.12,-0.286,-3.183,12.4042,-3.9414
2025-05-20,4427.49,0.0188,-9.5894,13.891,-12.2143,15890.62,1.5707,3.3036,18.9184,-2.5289,3056.39,-0.7382,-3.9798,12.5236,-4.6505
2025-05-21,4406.86,-0.466,-8.8429,13.6049,-12.6233,16013.12,0.7709,2.6569,18.6294,-1.7775,3051.21,-0.1695,-3.8632,12.5152,-4.8121
2025-05-22,4416.68,0.2228,-7.9279,13.6131,-12.4286,15968.82,-0.2766,1.6275,18.558,-2.0493,3053.38,0.0711,-3.829,12.5196,-4.7444
2025-05-23,4385.42,-0.7078,-8.2778,13.6712,-13.0484,16153.5,1.1565,3.9689,18.4715,-0.9165,3035.45,-0.5872,-2.6432,11.5711,-5.3038
2025-05-24,4361.94,-0.5354,-8.0466,13.6105,-13.514,16336.81,1.1348,6.4776,18.2088,0.0,3047.29,0.3901,-3.1034,11.3092,-4.9344
2025-05-25,4340.74,-0.486,-9.5464,12.9162,-13.9343,16428.04,0.5584,8.4393,17.6827,0.0,3064.37,0.5605,-1.1678,10.7594,-4.4016
2025-05-26,4348.93,0.1887,-9.3965,12.9645,-13.7719,16580.42,0.9276,8.3134,17.6417,0.0,3014.41,-1.6304,-2.956,11.6815,-5.9601
2025-05-27,4345.05,-0.0892,-8.2707,12.6335,-13.8489,16814.09,1.4093,8.4825,17.7236,0.0,2981.75,-1.0835,-4.1226,12.0032,-6.979
2025-05-28,4259.54,-1.968,-10.3853,13.3883,-15.5443,16658.6,-0.9248,6.2256,17.8419,-0.9248,2960.93,-0.6982,-4.7234,12.1103,-7.6285
